{
	"class_name" : "PinholeCameraParameters",
	"extrinsic" : 
	[
		0.88009800547618688,
		-0.34024387076855328,
		0.33115194271100085,
		0.0,
		0.43492583923181904,
		0.85749031553897426,
		-0.27486337174197756,
		0.0,
		-0.19043900631261418,
		0.38593324184540345,
		0.90265636745849276,
		0.0,
		-60.532709380533191,
		-16.704696362074728,
		-119.51720394781293,
		1.0
	],
	"intrinsic" : 
	{
		"height" : 1080,
		"intrinsic_matrix" : 
		[
			935.30743608719399,
			0.0,
			0.0,
			0.0,
			935.30743608719399,
			0.0,
			959.5,
			539.5,
			1.0
		],
		"width" : 1920
	},
	"version_major" : 1,
	"version_minor" : 0
}